login,full_name,created_at,stargazers_count,watchers_count,language,has_projects,has_wiki,license_name
emmabostian,emmabostian/badass-conference-talks,2019-08-05T16:42:39Z,488,488,,true,true,
emmabostian,emmabostian/blog,2020-03-24T19:21:47Z,16,16,JavaScript,true,true,mit
emmabostian,emmabostian/bluemix-example,2017-02-23T21:37:24Z,0,0,CSS,true,true,
emmabostian,emmabostian/boilerplate-code,2017-01-04T02:44:57Z,0,0,JavaScript,true,true,
emmabostian,emmabostian/building-a-portfolio-with-gatsby,2019-08-24T18:42:42Z,12,12,CSS,true,true,mit
emmabostian,emmabostian/chameleon-styleguide,2019-04-17T12:10:45Z,3,3,CSS,true,true,mit
emmabostian,emmabostian/coding-coach,2018-10-30T15:53:17Z,0,0,JavaScript,true,true,
emmabostian,emmabostian/complete-intro-to-react,2019-04-01T07:50:25Z,9,9,JavaScript,true,true,mit
emmabostian,emmabostian/component-library,2020-01-23T12:27:45Z,5,5,JavaScript,true,true,
emmabostian,emmabostian/create-react-library-with-styled-components,2020-01-27T10:21:24Z,2,2,,true,true,
emmabostian,emmabostian/css-animations,2019-03-18T14:36:55Z,15,15,CSS,true,true,
emmabostian,emmabostian/design-inspiration,2019-03-26T08:58:16Z,1031,1031,,true,true,
emmabostian,emmabostian/dev.to,2019-04-14T06:43:34Z,5,5,Ruby,true,true,agpl-3.0
emmabostian,emmabostian/developer-portfolios,2019-09-13T14:18:58Z,7348,7348,,true,true,
emmabostian,emmabostian/eb-component-library-test,2020-01-27T09:28:07Z,2,2,,true,true,mit
emmabostian,emmabostian/emmabostian,2020-07-28T09:33:51Z,5,5,,true,true,
emmabostian,emmabostian/emmas-awesome-portfolio,2019-08-14T09:04:57Z,9,9,CSS,true,true,mit
emmabostian,emmabostian/fem-css-foundations,2023-04-15T06:27:55Z,81,81,HTML,true,false,
emmabostian,emmabostian/fem-design-systems,2020-02-17T17:26:11Z,520,520,JavaScript,true,true,
emmabostian,emmabostian/FEM-design-systems-docs,2020-03-10T14:23:16Z,18,18,JavaScript,true,true,other
emmabostian,emmabostian/find-a-mentor,2019-02-26T14:28:36Z,12,12,JavaScript,true,true,mit
emmabostian,emmabostian/flexbox-vs-grid,2018-09-25T10:17:26Z,3,3,JavaScript,true,true,mit
emmabostian,emmabostian/Front-End-FAQ,2018-11-01T07:47:51Z,694,694,,true,true,other
emmabostian,emmabostian/gatsby,2018-11-13T19:30:03Z,1,1,JavaScript,true,false,mit
emmabostian,emmabostian/gatsby-blog,2018-10-11T15:44:19Z,33,33,JavaScript,true,true,mit
emmabostian,emmabostian/gatsby-blog-tutorial,2019-12-22T10:02:48Z,13,13,JavaScript,true,true,mit
emmabostian,emmabostian/gatsby-intro,2019-07-08T11:52:15Z,2,2,JavaScript,true,true,mit
emmabostian,emmabostian/gatsby-theme-styleguide,2019-07-09T07:35:50Z,14,14,JavaScript,true,true,
emmabostian,emmabostian/gulp-template,2017-01-05T01:10:57Z,3,3,JavaScript,true,true,
emmabostian,emmabostian/how-to-become-a-web-developer,2018-03-06T16:40:05Z,32,32,JavaScript,true,true,mit
emilk,emilk/aHash,2022-09-07T14:08:40Z,3,3,,true,true,apache-2.0
emilk,emilk/alignify,2013-01-16T11:19:01Z,7,7,Python,true,true,
emilk,emilk/areweguiyet,2020-11-15T14:14:43Z,1,1,,true,true,
emilk,emilk/arrow,2019-10-28T09:43:49Z,1,1,,true,false,apache-2.0
emilk,emilk/atomic_refcell,2022-01-08T12:14:33Z,0,0,,true,true,
emilk,emilk/bevy,2022-03-07T15:28:18Z,1,1,,true,false,other
emilk,emilk/bevy_egui,2022-02-25T10:30:24Z,0,0,,true,true,mit
emilk,emilk/binandlib,2023-01-25T14:44:00Z,2,2,Rust,true,true,apache-2.0
emilk,emilk/blog,2018-08-07T07:06:31Z,10,10,HTML,true,true,
emilk,emilk/bon,2013-03-07T17:48:12Z,21,21,C++,true,true,other
emilk,emilk/cargo-deny,2023-03-02T14:29:53Z,1,1,,true,true,apache-2.0
emilk,emilk/cargo-geiger,2020-01-20T09:25:28Z,0,0,,true,true,
emilk,emilk/Configuru,2015-11-08T18:36:50Z,141,141,C++,true,true,
emilk,emilk/document-features,2022-06-10T12:17:06Z,2,2,,true,false,other
emilk,emilk/drop-merge-sort,2016-12-27T16:39:29Z,172,172,Rust,true,true,mit
emilk,emilk/Dual-Contouring,2015-09-09T06:34:39Z,87,87,C++,true,true,
emilk,emilk/econtext,2020-06-07T10:52:34Z,6,6,Rust,true,true,apache-2.0
emilk,emilk/eframe_template,2020-12-19T20:54:21Z,801,801,Rust,true,true,apache-2.0
emilk,emilk/egui,2019-01-13T15:39:15Z,22247,22247,Rust,false,true,apache-2.0
emilk,emilk/egui-macroquad,2021-08-24T15:17:50Z,0,0,,true,true,apache-2.0
emilk,emilk/egui-miniquad,2021-01-22T20:13:34Z,1,1,Rust,true,true,
emilk,emilk/egui-pure-glow,2023-01-27T08:01:08Z,3,3,Rust,true,true,
emilk,emilk/egui_dock,2022-12-11T14:30:15Z,8,8,,true,true,mit
emilk,emilk/egui_plot,2024-07-15T13:26:48Z,87,87,Rust,false,true,apache-2.0
emilk,emilk/egui_presentation,2023-08-23T14:47:22Z,16,16,Rust,true,true,
emilk,emilk/egui_winit_ash_vk_mem,2021-07-28T23:32:16Z,0,0,,true,true,apache-2.0
emilk,emilk/ehttp,2021-09-03T18:26:44Z,322,322,Rust,true,true,apache-2.0
emilk,emilk/emath,2017-03-27T18:03:51Z,12,12,C++,true,true,
emilk,emilk/emilib,2016-02-20T10:09:05Z,349,349,C++,true,true,
emilk,emilk/emilk,2022-10-03T18:35:46Z,3,3,,true,true,
mpj,mpj/alladin,2015-04-11T17:23:24Z,2,2,JavaScript,true,true,
mpj,mpj/allmaktisverige,2010-06-29T16:26:58Z,2,2,Ruby,true,true,
mpj,mpj/ardodnu,2014-11-19T20:47:07Z,1,1,JavaScript,true,true,mit
mpj,mpj/as3-gettext,2010-09-22T16:27:26Z,2,2,ActionScript,true,true,lgpl-3.0
mpj,mpj/as3corelib,2011-10-21T09:05:24Z,1,1,ActionScript,true,true,
mpj,mpj/auth0-nodejs-webapp-sample,2017-02-06T20:12:10Z,3,3,JavaScript,true,true,
mpj,mpj/B02,2012-04-14T08:43:44Z,1,1,,true,true,
mpj,mpj/beautiful-lies,2012-10-25T00:00:02Z,3,3,CoffeeScript,true,true,mit
mpj,mpj/better-playlists,2017-08-21T12:25:50Z,72,72,JavaScript,true,true,
mpj,mpj/BigText,2012-10-07T15:11:10Z,0,0,JavaScript,true,true,other
mpj,mpj/boiler-bay,2015-05-03T08:31:48Z,0,0,Java,true,true,mit
mpj,mpj/boiler-bay-client-js,2015-08-13T15:06:07Z,0,0,JavaScript,true,true,mit
mpj,mpj/bootstrap,2013-08-22T06:10:44Z,0,0,JavaScript,true,false,apache-2.0
mpj,mpj/brainwallet.github.com,2013-08-26T20:37:55Z,0,0,JavaScript,true,true,other
mpj,mpj/bus-thing,2014-02-09T21:57:05Z,1,1,JavaScript,true,true,mit
mpj,mpj/caloriestreak,2012-06-27T20:52:40Z,1,1,JavaScript,true,true,
mpj,mpj/cannonville,2015-05-10T17:16:55Z,5,5,JavaScript,true,true,mit
mpj,mpj/coffee-mocha-npm-template,2014-07-25T13:56:43Z,0,0,CoffeeScript,true,true,
mpj,mpj/collabplay,2012-04-21T12:21:33Z,1,1,JavaScript,true,true,
mpj,mpj/cookingwith,2013-06-23T17:38:47Z,0,0,JavaScript,true,true,
mpj,mpj/cors-funfunforum,2018-02-12T14:56:44Z,1,1,JavaScript,true,true,
mpj,mpj/create-react-app,2016-11-28T16:38:56Z,7,7,JavaScript,true,true,other
mpj,mpj/docs,2016-10-30T12:10:26Z,0,0,HTML,true,true,
mpj,mpj/eddystone,2016-09-23T12:25:27Z,0,0,C,true,false,apache-2.0
mpj,mpj/errorii,2011-11-13T18:09:28Z,1,1,JavaScript,true,true,
mpj,mpj/eventthing,2015-04-03T21:24:22Z,0,0,JavaScript,true,true,
mpj,mpj/fff-graphql-example,2017-09-16T07:45:43Z,5,5,JavaScript,true,true,
mpj,mpj/fff-graphql-goodreads,2017-09-16T13:01:19Z,116,116,JavaScript,true,true,mit
mpj,mpj/fffish,2011-11-20T20:47:03Z,1,1,JavaScript,true,true,
mpj,mpj/ffforumautomator,2017-08-18T16:59:16Z,25,25,JavaScript,true,true,
hrydgard,hrydgard/AltSoftSerial,2018-02-03T10:56:51Z,1,1,C,true,true,
hrydgard,hrydgard/armips,2014-11-29T10:28:53Z,1,1,C++,true,true,mit
hrydgard,hrydgard/besserwisser,2018-03-05T16:03:30Z,4,4,C++,true,true,mit
hrydgard,hrydgard/boatrage,2012-05-24T21:16:12Z,7,7,C++,true,true,
hrydgard,hrydgard/cc-rs,2019-11-01T10:28:25Z,3,3,,true,false,apache-2.0
hrydgard,hrydgard/citra,2016-04-24T11:32:36Z,5,5,C++,true,true,gpl-2.0
hrydgard,hrydgard/collada-dom,2016-12-11T13:34:06Z,0,0,C++,true,true,
hrydgard,hrydgard/Cxbx-Reloaded,2017-03-23T20:39:59Z,4,4,C++,true,true,gpl-2.0
hrydgard,hrydgard/dirtree-json,2023-01-17T13:57:48Z,7,7,Rust,true,true,
hrydgard,hrydgard/dolphin,2018-03-12T22:40:14Z,8,8,C++,true,true,gpl-2.0
hrydgard,hrydgard/dotfiles,2012-01-21T09:23:53Z,3,3,VimL,true,true,
hrydgard,hrydgard/egui,2021-06-30T08:41:03Z,1,1,,true,true,apache-2.0
hrydgard,hrydgard/egui-gizmo,2022-03-20T11:12:24Z,0,0,,true,true,mit
hrydgard,hrydgard/glam-rs,2019-12-19T16:52:35Z,0,0,,true,true,apache-2.0
hrydgard,hrydgard/glslang,2016-12-09T14:58:34Z,2,2,C++,true,true,other
hrydgard,hrydgard/gpu-allocator,2022-01-15T14:48:18Z,1,1,,true,true,apache-2.0
hrydgard,hrydgard/HLSLcc,2016-11-16T22:35:11Z,0,0,C++,true,true,other
hrydgard,hrydgard/hrydgard,2021-06-09T22:08:15Z,3,3,,true,false,
hrydgard,hrydgard/image-png,2020-12-27T14:35:04Z,1,1,,true,true,apache-2.0
hrydgard,hrydgard/ImGuizmo,2018-11-19T13:08:49Z,0,0,C++,true,true,mit
hrydgard,hrydgard/libchdr,2023-09-22T16:09:04Z,1,1,,true,true,bsd-3-clause
hrydgard,hrydgard/lyon,2024-03-08T10:29:57Z,1,1,,true,true,other
hrydgard,hrydgard/LZMA-SDK,2014-10-20T20:05:57Z,1,1,C++,true,true,
hrydgard,hrydgard/lzmaSDK,2014-10-21T19:54:58Z,1,1,,true,true,
hrydgard,hrydgard/martian-dice,2014-07-13T17:32:51Z,1,1,Go,true,true,
hrydgard,hrydgard/minidx9,2013-09-15T14:00:24Z,37,37,C++,true,true,
hrydgard,hrydgard/minimal-site-generator,2017-03-28T14:55:30Z,7,7,Makefile,true,true,
hrydgard,hrydgard/minitrace,2014-03-26T15:05:16Z,372,372,C++,true,true,mit
hrydgard,hrydgard/miniupnp,2020-07-21T21:31:02Z,2,2,C,true,true,other
hrydgard,hrydgard/mod_player,2022-04-04T09:52:36Z,3,3,,true,true,mit
eriklindernoren,eriklindernoren/Action-Recognition,2019-04-06T12:25:12Z,181,181,Python,true,true,
eriklindernoren,eriklindernoren/awesome-machine-learning,2017-08-19T20:58:37Z,31,31,Python,true,true,other
eriklindernoren,eriklindernoren/eriklindernoren.se,2015-05-10T14:55:14Z,20,20,CSS,true,true,
eriklindernoren,eriklindernoren/eth-circle,2015-10-03T12:31:25Z,0,0,CSS,true,true,
eriklindernoren,eriklindernoren/eth-moodi,2015-11-18T18:21:03Z,0,0,PHP,true,true,
eriklindernoren,eriklindernoren/Fast-Neural-Style-Transfer,2019-04-11T19:02:48Z,345,345,Python,true,true,mit
eriklindernoren,eriklindernoren/GoogleTTS,2016-11-30T11:18:38Z,6,6,Shell,true,true,
eriklindernoren,eriklindernoren/HomeAssistant,2016-11-26T21:07:07Z,15,15,JavaScript,true,true,
eriklindernoren,eriklindernoren/Keras-GAN,2017-07-11T16:24:53Z,9183,9183,Python,true,true,mit
eriklindernoren,eriklindernoren/MapApp,2015-05-26T22:15:20Z,0,0,Objective-C,true,true,
eriklindernoren,eriklindernoren/ML-From-Scratch,2017-02-05T12:11:23Z,23948,23948,Python,true,true,mit
eriklindernoren,eriklindernoren/NapkinML,2018-01-25T15:56:30Z,557,557,Python,true,true,mit
eriklindernoren,eriklindernoren/Object-Detection,2017-11-30T11:09:57Z,6,6,Python,true,true,
eriklindernoren,eriklindernoren/PFTA-Final-Assignment,2017-12-16T16:56:36Z,4,4,Jupyter Notebook,true,true,mit
eriklindernoren,eriklindernoren/PyTorch-Deep-Dream,2019-03-23T19:17:11Z,146,146,Python,true,true,mit
eriklindernoren,eriklindernoren/PyTorch-GAN,2018-04-21T13:06:40Z,16392,16392,Python,true,true,mit
eriklindernoren,eriklindernoren/PyTorch-YOLOv3,2018-05-21T16:05:55Z,7320,7320,Python,true,true,gpl-3.0
eriklindernoren,eriklindernoren/SemSegGUI,2019-06-08T17:19:48Z,11,11,C++,true,true,
eriklindernoren,eriklindernoren/Sonus-JFugueUI,2015-05-26T21:53:04Z,2,2,Java,true,true,
eriklindernoren,eriklindernoren/SSD-Tensorflow,2019-02-08T22:03:25Z,2,2,Jupyter Notebook,true,true,
eriklindernoren,eriklindernoren/TAOP33-Combinatorial-Optimization,2016-12-09T15:52:04Z,0,0,Matlab,true,true,
eriklindernoren,eriklindernoren/TBMI26-Neural-Networks,2017-02-03T09:37:40Z,5,5,Matlab,true,true,
eriklindernoren,eriklindernoren/TDDB68-PintOS,2016-05-27T12:40:33Z,0,0,C,true,true,
eriklindernoren,eriklindernoren/TDDC17-Artificial-Intelligence,2016-09-29T17:24:53Z,3,3,JavaScript,true,true,
spotify,spotify/.github,2019-04-25T02:03:08Z,0,0,,false,false,
spotify,spotify/aioshumway,2018-01-24T18:17:17Z,3,3,Python,true,true,apache-2.0
spotify,spotify/android-auth,2016-10-17T18:58:26Z,143,143,HTML,true,true,apache-2.0
spotify,spotify/android-sdk,2018-02-12T19:36:41Z,470,470,HTML,true,false,apache-2.0
spotify,spotify/android-store-service,2020-12-10T15:14:09Z,6,6,Python,true,true,apache-2.0
spotify,spotify/annoy,2013-04-01T20:29:40Z,13211,13211,C++,true,true,apache-2.0
spotify,spotify/annoy-java,2015-01-30T21:07:30Z,138,138,Java,true,true,apache-2.0
spotify,spotify/apollo,2015-11-05T22:40:39Z,1649,1649,Java,true,true,apache-2.0
spotify,spotify/apollo-elide,2016-10-26T09:31:48Z,1,1,Java,true,true,apache-2.0
spotify,spotify/apollo-metrics,2016-03-17T19:02:53Z,0,0,,true,true,
spotify,spotify/apps-tutorial,2012-01-24T19:31:42Z,627,627,,true,true,
spotify,spotify/async-datastore-client,2015-06-16T09:29:00Z,72,72,Java,true,true,apache-2.0
spotify,spotify/async-google-pubsub-client,2015-06-29T03:24:39Z,158,158,Java,true,true,apache-2.0
spotify,spotify/backup-utils,2014-10-01T09:41:02Z,5,5,Shell,true,false,mit
spotify,spotify/basic-pitch,2022-05-03T09:10:03Z,3434,3434,Python,true,true,apache-2.0
spotify,spotify/basic-pitch-ts,2022-06-03T10:46:32Z,238,238,TypeScript,true,true,apache-2.0
spotify,spotify/batty,2014-09-26T09:15:28Z,0,0,Python,true,true,
spotify,spotify/bazel,2024-05-28T18:09:06Z,0,0,,true,true,apache-2.0
spotify,spotify/bazel-tools,2017-11-09T13:52:36Z,166,166,Java,true,true,apache-2.0
spotify,spotify/beam,2019-04-15T15:24:23Z,3,3,Java,true,false,apache-2.0
spotify,spotify/big-data-rosetta-code,2016-02-18T22:29:36Z,290,290,Scala,true,true,apache-2.0
spotify,spotify/bigtable-autoscaler,2018-09-07T08:53:48Z,68,68,Java,true,true,apache-2.0
spotify,spotify/boilerplate-app,2013-05-20T11:33:49Z,78,78,,true,true,
spotify,spotify/bucket-runner,2016-10-04T20:34:44Z,18,18,JavaScript,true,true,apache-2.0
spotify,spotify/cartography,2019-06-27T08:40:17Z,9,9,Python,true,false,apache-2.0
spotify,spotify/cassandra-extra,2015-06-11T08:48:16Z,6,6,Java,true,true,apache-2.0
spotify,spotify/cassandra-medusa,2019-09-24T13:46:53Z,25,25,Python,true,true,apache-2.0
spotify,spotify/cassandra-opstools,2014-11-20T15:31:07Z,56,56,Java,true,true,apache-2.0
spotify,spotify/cassandra-reaper,2014-11-24T08:30:06Z,235,235,,true,true,
spotify,spotify/causify,2024-07-10T08:53:39Z,0,0,,true,true,
arvidn,arvidn/access_profiler,2013-12-07T21:23:19Z,74,74,C++,true,true,gpl-3.0
arvidn,arvidn/aiosqlite,2021-09-17T14:15:06Z,0,0,,true,false,mit
arvidn,arvidn/asio,2019-11-09T16:35:17Z,1,1,,true,true,
arvidn,arvidn/bdecode,2015-03-08T07:35:39Z,17,17,C++,true,true,bsd-3-clause
arvidn,arvidn/beast,2018-05-08T18:37:40Z,0,0,C++,true,true,bsl-1.0
arvidn,arvidn/bitcoin,2018-09-06T01:31:11Z,0,0,C++,true,false,other
arvidn,arvidn/bittorrent-multi-have,2016-05-29T22:23:07Z,2,2,Python,true,true,bsd-3-clause
arvidn,arvidn/bittorrent-trace,2020-01-29T12:29:51Z,6,6,C++,true,true,mit
arvidn,arvidn/bittorrent.org,2016-05-24T23:06:49Z,2,2,HTML,true,true,
arvidn,arvidn/boost-asio-gnutls,2021-11-28T09:18:19Z,2,2,,true,true,bsl-1.0
arvidn,arvidn/bootstrap-dht,2016-08-08T22:46:42Z,3,3,C++,true,true,mit
arvidn,arvidn/btfs,2014-11-22T21:09:57Z,68,68,C++,true,true,gpl-3.0
arvidn,arvidn/build,2016-07-07T04:24:45Z,0,0,C,true,true,
arvidn,arvidn/codecov-python,2015-12-16T03:42:56Z,0,0,Python,true,false,
arvidn,arvidn/conan,2017-09-26T23:32:15Z,0,0,Python,true,true,mit
arvidn,arvidn/conan-boost-build-gen,2017-02-12T23:24:33Z,1,1,Python,true,true,bsd-3-clause
arvidn,arvidn/cppkafka,2017-10-24T10:59:03Z,1,1,C++,true,true,bsd-2-clause
arvidn,arvidn/ebb,2013-11-06T18:12:25Z,0,0,C++,true,true,mit
arvidn,arvidn/ed25519,2019-02-04T00:48:26Z,1,1,C,true,false,zlib
arvidn,arvidn/elements,2017-09-07T21:55:31Z,1,1,C++,true,false,mit
arvidn,arvidn/endian,2017-11-04T11:57:02Z,0,0,C++,true,true,
arvidn,arvidn/flags,2018-03-28T10:08:08Z,7,7,C++,true,true,bsd-3-clause
arvidn,arvidn/hash_complete_prefix,2012-12-23T00:05:57Z,1,1,C++,true,true,
arvidn,arvidn/hffix,2017-09-11T11:03:34Z,1,1,C++,true,true,other
arvidn,arvidn/inline-namespace-abi-versioning,2017-04-06T00:06:36Z,6,6,C++,true,true,gpl-3.0
arvidn,arvidn/kcov,2020-01-19T13:37:03Z,2,2,,true,true,gpl-2.0
arvidn,arvidn/lcov,2015-06-02T21:24:48Z,0,0,Perl,true,false,gpl-2.0
arvidn,arvidn/libdatachannel,2021-04-14T05:50:31Z,1,1,C++,true,true,lgpl-2.1
arvidn,arvidn/libsimulator,2015-07-04T20:54:59Z,21,21,C++,true,true,gpl-3.0
arvidn,arvidn/libtorrent,2015-06-03T05:22:03Z,5235,5235,C++,true,true,other
aladdinpersson,aladdinpersson/aladdin,2021-03-28T10:12:53Z,13,13,Python,true,true,mit
aladdinpersson,aladdinpersson/aladdinpersson.github.io,2020-10-14T08:58:28Z,6,6,SCSS,true,true,mit
aladdinpersson,aladdinpersson/Algorithms-Collection-Python,2019-02-15T20:49:02Z,219,219,Python,true,true,mit
aladdinpersson,aladdinpersson/coding-environment,2023-11-24T23:20:48Z,3,3,Shell,true,true,
aladdinpersson,aladdinpersson/Courses,2020-04-15T11:41:16Z,64,64,Jupyter Notebook,true,true,mit
aladdinpersson,aladdinpersson/HelloMnist,2021-01-04T10:35:46Z,19,19,Dart,true,true,
aladdinpersson,aladdinpersson/Machine-Learning-Collection,2020-03-26T07:02:40Z,7604,7604,Python,true,true,mit
khaosdoctor,khaosdoctor/.github,2020-04-17T18:26:39Z,0,0,,false,false,
khaosdoctor,khaosdoctor/advanced-patterns-workshop,2023-04-04T17:26:01Z,0,0,,true,true,
khaosdoctor,khaosdoctor/aks-gh-actions-demo,2020-06-15T21:57:00Z,2,2,,false,false,mit
khaosdoctor,khaosdoctor/algo-customer-counter,2023-12-06T19:44:58Z,0,0,JavaScript,true,true,
khaosdoctor,khaosdoctor/apicon-serverless-framework,2018-03-20T02:38:25Z,0,0,JavaScript,true,true,mit
khaosdoctor,khaosdoctor/apps40-scalingdemo-frontend,2020-03-24T20:00:31Z,1,1,TypeScript,false,false,
khaosdoctor,khaosdoctor/article-cover-creator,2023-01-02T21:47:26Z,15,15,TypeScript,true,true,agpl-3.0
khaosdoctor,khaosdoctor/Backup,2024-06-28T13:02:08Z,0,0,,true,true,
khaosdoctor,khaosdoctor/bash-AMI,2017-04-06T18:03:28Z,2,2,Shell,true,true,mit
khaosdoctor,khaosdoctor/blog-assets,2020-07-23T03:13:21Z,1,1,,false,false,gpl-3.0
khaosdoctor,khaosdoctor/blog-post-workflow,2020-07-21T18:25:33Z,0,0,JavaScript,true,true,agpl-3.0
khaosdoctor,khaosdoctor/blog-theme,2020-07-08T19:58:57Z,2,2,Handlebars,false,false,mit
khaosdoctor,khaosdoctor/brazilian-states,2017-05-23T21:23:01Z,0,0,JavaScript,true,true,mit
khaosdoctor,khaosdoctor/cdc-kubernetes-sources,2018-10-01T03:58:40Z,41,41,JavaScript,true,true,gpl-3.0
khaosdoctor,khaosdoctor/cf-auth-azuread,2023-04-09T15:35:48Z,0,0,,true,true,mit
khaosdoctor,khaosdoctor/cf-auth-oauth2,2022-12-17T14:06:38Z,0,0,JavaScript,true,true,mit
khaosdoctor,khaosdoctor/Codename,2017-08-12T00:23:21Z,2,2,JavaScript,false,false,mit
khaosdoctor,khaosdoctor/codename-greek,2017-08-12T18:40:40Z,0,0,JavaScript,true,true,mit
khaosdoctor,khaosdoctor/codename-greek-gods,2017-08-12T18:50:34Z,1,1,JavaScript,true,true,mit
khaosdoctor,khaosdoctor/codename-nordic,2017-08-12T18:52:01Z,0,0,JavaScript,true,true,mit
khaosdoctor,khaosdoctor/codename-titans,2017-08-12T18:51:24Z,0,0,JavaScript,true,true,mit
khaosdoctor,khaosdoctor/codename-universe,2017-08-12T17:33:44Z,0,0,JavaScript,true,true,mit
khaosdoctor,khaosdoctor/codename-zodiac,2017-08-12T17:31:28Z,0,0,JavaScript,true,true,mit
khaosdoctor,khaosdoctor/codename-zodiac-warriors,2017-08-12T17:33:07Z,0,0,JavaScript,true,true,mit
khaosdoctor,khaosdoctor/codespace-kubernetes,2020-05-22T15:03:18Z,1,1,Shell,true,true,gpl-3.0
khaosdoctor,khaosdoctor/containerd-integration-example,2021-01-22T12:34:06Z,4,4,Go,true,false,mit
khaosdoctor,khaosdoctor/crud-serverless-mongodb,2019-08-26T14:34:56Z,0,0,JavaScript,true,true,mit
khaosdoctor,khaosdoctor/curso-performancenode,2018-02-14T22:05:13Z,1,1,JavaScript,true,true,mit
khaosdoctor,khaosdoctor/DefinitelyTyped,2023-03-21T19:41:06Z,0,0,TypeScript,true,false,other
khaosdoctor,khaosdoctor/delay.css,2016-09-26T22:59:33Z,6,6,JavaScript,true,true,mit
Mojang,Mojang/AccountsClient,2013-10-10T11:47:00Z,115,115,Java,true,true,
Mojang,Mojang/acpplinter,2019-10-18T22:26:23Z,2,2,Rust,true,true,
Mojang,Mojang/appboy-ios-sdk,2018-10-03T18:54:18Z,2,2,Objective-C,true,true,other
Mojang,Mojang/appcenter-sdk-android-breakpad,2020-05-20T17:55:26Z,2,2,C++,true,true,other
Mojang,Mojang/auto-request-review,2024-01-25T23:42:07Z,0,0,JavaScript,true,true,mit
Mojang,Mojang/auto-reviewer-labeler-action,2024-04-05T00:46:20Z,0,0,TypeScript,true,true,apache-2.0
Mojang,Mojang/aws-elasticache-cluster-client-memcached-for-java,2016-04-20T11:49:42Z,2,2,Java,true,false,other
Mojang,Mojang/azure-notificationhubs,2018-10-15T19:54:56Z,3,3,Objective-C,true,true,apache-2.0
Mojang,Mojang/azure-notificationhubs-ios,2020-05-18T21:22:50Z,2,2,,true,true,apache-2.0
Mojang,Mojang/bedrock-protocol-docs,2024-02-06T18:33:12Z,326,326,HTML,false,false,other
Mojang,Mojang/bedrock-samples,2022-09-22T19:03:38Z,863,863,,true,true,other
Mojang,Mojang/blixtser,2013-11-04T08:37:51Z,66,66,Java,true,true,mit
Mojang,Mojang/breakpad,2020-05-08T21:59:45Z,6,6,C++,true,true,other
Mojang,Mojang/brigadier,2014-09-15T08:48:24Z,3440,3440,Java,false,false,mit
Mojang,Mojang/brotli,2015-09-28T12:15:48Z,3,3,C,true,false,apache-2.0
Mojang,Mojang/cef,2018-09-12T11:58:56Z,3,3,C++,true,true,other
Mojang,Mojang/concurrentqueue,2017-10-05T20:51:24Z,5,5,C++,true,true,other
Mojang,Mojang/cortex-v2-example,2020-07-10T16:18:05Z,2,2,C#,true,true,mit
Mojang,Mojang/cotire,2019-02-01T18:27:30Z,4,4,CMake,true,true,mit
Mojang,Mojang/cpprestsdk,2018-09-13T21:49:38Z,4,4,,true,true,other
Mojang,Mojang/DataFixerUpper,2018-06-28T11:18:13Z,1187,1187,Java,false,false,mit
Mojang,Mojang/dcpu-16,2012-10-13T11:53:15Z,16,16,,true,true,
Mojang,Mojang/DefinitelyTyped,2021-07-28T17:05:53Z,2,2,TypeScript,true,false,other
Mojang,Mojang/EducationContent,2020-02-19T21:05:33Z,35,35,TypeScript,true,true,
Mojang,Mojang/entt,2018-05-14T21:51:18Z,49,49,C++,true,true,mit
Mojang,Mojang/FakeIt,2018-06-26T17:19:17Z,5,5,C++,true,true,mit
Mojang,Mojang/fcpp,2018-10-17T15:54:41Z,3,3,C,true,true,bsd-3-clause
Mojang,Mojang/freetype2,2019-03-29T23:31:25Z,2,2,C,true,true,
Mojang,Mojang/gelfj,2012-04-13T08:02:21Z,4,4,Java,true,true,other
Mojang,Mojang/geojson2fbx,2020-02-14T22:50:40Z,4,4,,true,true,
joearms,joearms/adapter_pattern,2012-02-17T14:09:39Z,26,26,Erlang,true,true,
joearms,joearms/bertie,2013-02-23T14:10:11Z,7,7,Erlang,true,true,
joearms,joearms/chandler,2013-02-17T21:50:06Z,12,12,Erlang,true,true,
joearms,joearms/cocoa,2012-08-07T20:13:27Z,8,8,C,true,true,
joearms,joearms/contentEditableDemo,2009-06-29T10:50:57Z,24,24,JavaScript,true,true,
joearms,joearms/courses,2018-05-16T08:35:11Z,30,30,TeX,true,true,mit
joearms,joearms/cowboy_examples,2012-04-07T15:04:24Z,9,9,Erlang,true,true,
joearms,joearms/crypto_tutorial,2015-08-31T10:11:04Z,362,362,Erlang,true,true,mit
joearms,joearms/ebpm,2013-02-28T10:35:21Z,2,2,,true,true,
joearms,joearms/eep,2013-05-13T08:57:40Z,3,3,Perl,true,true,
joearms,joearms/elib1,2009-12-09T18:35:09Z,206,206,Erlang,true,true,mit
joearms,joearms/elixir,2013-05-24T17:03:24Z,4,4,Elixir,true,true,other
joearms,joearms/enet,2010-01-22T08:10:08Z,12,12,Erlang,true,true,other
joearms,joearms/erl2,2012-02-26T16:48:25Z,164,164,Erlang,true,true,
joearms,joearms/erlmediaserver,2010-09-21T16:16:38Z,13,13,Erlang,true,true,
joearms,joearms/erlog,2010-01-19T20:17:10Z,4,4,Erlang,true,true,bsd-2-clause
joearms,joearms/erl_img,2012-08-31T16:43:41Z,5,5,Erlang,true,true,
joearms,joearms/esdl,2010-08-20T15:41:14Z,4,4,Erlang,true,true,other
joearms,joearms/ezwebframe,2012-12-11T12:27:21Z,184,184,Erlang,true,true,other
joearms,joearms/joearms.github.io,2017-09-12T14:49:51Z,61,61,HTML,true,true,mit
joearms,joearms/lambdapad,2015-07-15T18:49:00Z,2,2,Erlang,true,true,
joearms,joearms/music_experiments,2016-01-24T15:55:02Z,82,82,Erlang,true,true,mit
joearms,joearms/nexusUI,2016-01-27T08:05:13Z,3,3,JavaScript,true,true,
joearms,joearms/old.blog,2013-03-27T09:07:41Z,72,72,HTML,true,true,
joearms,joearms/openembedded,2013-04-15T13:28:57Z,2,2,C,true,false,mit
joearms,joearms/otp,2010-10-13T07:57:28Z,10,10,Erlang,true,true,
joearms,joearms/paradis,2014-01-17T08:56:55Z,20,20,Erlang,true,true,mit
joearms,joearms/paradis_jan_2016,2016-01-15T10:41:09Z,7,7,Erlang,true,true,mit
joearms,joearms/ponyc,2017-08-20T20:21:05Z,2,2,C++,true,true,bsd-2-clause
joearms,joearms/SEBG,2011-02-11T17:54:23Z,82,82,JavaScript,true,true,mit
emilbjornson,emilbjornson/A-New-Channel-Subspace-Characterization-for-Channel-Estimation-in-RIS-Aided-Communications,2024-03-05T16:28:55Z,4,4,MATLAB,true,true,gpl-2.0
emilbjornson,emilbjornson/backward-crosstalk,2020-05-01T11:07:43Z,6,6,MATLAB,true,true,
emilbjornson,emilbjornson/Book-Chapter-on-ELAA,2022-12-23T17:01:50Z,17,17,,true,true,
emilbjornson,emilbjornson/book-resource-allocation,2014-07-24T07:20:45Z,84,84,Matlab,true,true,
emilbjornson,emilbjornson/capacity-limits-transceiver-impairments,2014-03-20T21:38:30Z,11,11,Matlab,true,true,
emilbjornson,emilbjornson/cell-free-book,2021-02-01T14:40:12Z,104,104,MATLAB,true,true,
emilbjornson,emilbjornson/cell-free-survey,2022-04-06T06:39:48Z,8,8,,true,true,bsd-3-clause
emilbjornson,emilbjornson/CF-LPZF,2022-04-06T06:38:33Z,2,2,,true,true,mit
emilbjornson,emilbjornson/CF_CA_Correlated,2022-04-06T06:37:41Z,2,2,,true,true,mit
emilbjornson,emilbjornson/CF_HST,2022-04-06T06:37:09Z,2,2,,true,true,mit
emilbjornson,emilbjornson/competitive-cell-free,2019-09-11T06:45:19Z,41,41,MATLAB,true,true,
emilbjornson,emilbjornson/deep-learning-channel-estimation,2020-01-13T09:28:29Z,91,91,Python,true,true,
emilbjornson,emilbjornson/distortion-correlation,2018-10-15T07:03:45Z,11,11,Matlab,true,true,
emilbjornson,emilbjornson/dual-polarization,2022-09-06T21:04:12Z,10,10,MATLAB,true,true,
emilbjornson,emilbjornson/duality,2024-03-11T06:43:26Z,2,2,,true,true,gpl-2.0
emilbjornson,emilbjornson/Efficient-LOS-Channel-Estimation-for-RIS-Aided-Communications-Under-Non-Stationary-Mobility,2024-03-05T16:28:29Z,5,5,MATLAB,true,true,gpl-2.0
emilbjornson,emilbjornson/EMI-RIS-Communications,2021-11-05T16:52:59Z,11,11,,true,true,
emilbjornson,emilbjornson/energy_consumption_in_MU_MIMO_with_mobility,2019-01-28T18:40:18Z,4,4,MATLAB,true,true,
emilbjornson,emilbjornson/fronthaul-quantization-precoding,2024-04-05T12:53:04Z,1,1,,true,true,
emilbjornson,emilbjornson/grant-free,2021-07-27T07:13:52Z,17,17,MATLAB,true,true,
emilbjornson,emilbjornson/hardware-scaling-laws,2015-03-23T12:31:42Z,5,5,Matlab,true,true,
emilbjornson,emilbjornson/how-energy-efficient,2018-12-06T10:22:54Z,13,13,Matlab,true,true,
emilbjornson,emilbjornson/IEEE_SP_CUP_2021-SIPL_TEAM,2022-09-28T09:52:40Z,1,1,,true,true,
emilbjornson,emilbjornson/IRS-continuous,2020-09-23T11:14:30Z,14,14,,true,true,
emilbjornson,emilbjornson/IRS-modeling,2020-04-08T17:57:43Z,69,69,MATLAB,true,true,
emilbjornson,emilbjornson/IRS-relaying,2019-10-28T22:02:42Z,106,106,MATLAB,true,true,
emilbjornson,emilbjornson/is-massive-MIMO-the-answer,2014-03-21T20:40:50Z,15,15,Matlab,true,true,
emilbjornson,emilbjornson/large-scale-fading-decoding,2018-12-14T19:15:56Z,19,19,MATLAB,true,true,
emilbjornson,emilbjornson/massive-mimo-book-chapter,2016-10-24T19:17:30Z,37,37,Matlab,true,true,
emilbjornson,emilbjornson/massive-MIMO-hardware-impairments,2014-08-26T19:46:18Z,26,26,Matlab,true,true,
Dinnerbone,Dinnerbone/Bukkit-1,2012-01-15T16:59:49Z,4,4,Java,true,true,gpl-3.0
Dinnerbone,Dinnerbone/BukkitFullOfMoon,2011-06-06T17:45:17Z,34,34,Java,true,true,
Dinnerbone,Dinnerbone/compose,2019-09-17T07:25:18Z,1,1,,true,false,apache-2.0
Dinnerbone,Dinnerbone/CraftIRC,2010-11-17T19:12:04Z,6,6,Java,true,true,
Dinnerbone,Dinnerbone/dinnerbone.github.io,2024-01-08T18:22:30Z,1,1,TypeScript,true,true,
Dinnerbone,Dinnerbone/egui,2024-01-09T21:52:34Z,2,2,,true,true,apache-2.0
Dinnerbone,Dinnerbone/ESLint-Formatter,2016-08-03T20:15:15Z,1,1,Python,true,true,mit
Dinnerbone,Dinnerbone/Gambot,2015-07-11T02:29:10Z,2,2,Perl,true,true,gpl-3.0
Dinnerbone,Dinnerbone/GreppyPie,2014-05-29T12:49:52Z,8,8,Python,true,true,
Dinnerbone,Dinnerbone/GrumpyPie,2016-04-05T17:46:11Z,14,14,JavaScript,true,true,mit
Dinnerbone,Dinnerbone/Guild-Roster-Manager,2022-10-20T20:25:20Z,0,0,Lua,true,true,other
Dinnerbone,Dinnerbone/icey,2016-08-03T17:19:48Z,11,11,JavaScript,true,true,
Dinnerbone,Dinnerbone/libtest-mimic,2023-01-27T13:12:45Z,0,0,,true,true,apache-2.0
Dinnerbone,Dinnerbone/mcstatus,2011-11-06T05:56:40Z,1105,1105,,true,true,
Dinnerbone,Dinnerbone/mcstatus-1,2022-02-27T19:56:16Z,1,1,,true,true,apache-2.0
Dinnerbone,Dinnerbone/Minecraft-Server-Mod,2010-11-19T01:56:45Z,24,24,Java,true,false,
Dinnerbone,Dinnerbone/naga_oil,2023-01-07T11:06:21Z,1,1,Rust,true,true,apache-2.0
Dinnerbone,Dinnerbone/name-your-shark,2021-03-15T00:48:33Z,10,10,ShaderLab,true,true,mit
Dinnerbone,Dinnerbone/PyGithub,2018-09-14T07:45:12Z,1,1,Python,true,false,lgpl-3.0
Dinnerbone,Dinnerbone/ruffle,2019-08-26T19:05:50Z,14,14,ActionScript,true,true,other
Dinnerbone,Dinnerbone/ruffle-android,2024-03-12T20:55:50Z,3,3,,true,true,
Dinnerbone,Dinnerbone/ruffle-swf-tests-on-web,2024-02-04T22:14:13Z,0,0,HTML,true,true,
Dinnerbone,Dinnerbone/rust-flash-lso,2024-07-05T10:51:28Z,1,1,,true,true,mit
Dinnerbone,Dinnerbone/SampleBukkit,2011-01-02T15:23:00Z,8,8,Java,true,true,
Dinnerbone,Dinnerbone/serde-reflection,2021-07-05T20:11:56Z,0,0,Rust,true,false,apache-2.0
Dinnerbone,Dinnerbone/serenity,2021-06-23T20:55:34Z,2,2,,true,false,isc
Dinnerbone,Dinnerbone/sg1-rpg-ruleset,2022-04-26T14:39:44Z,3,3,Lua,true,true,other
Dinnerbone,Dinnerbone/ShareX,2014-05-31T15:07:44Z,6,6,C#,true,false,gpl-3.0
Dinnerbone,Dinnerbone/slow-firefox-bug,2024-02-03T22:01:03Z,0,0,TypeScript,true,true,
Dinnerbone,Dinnerbone/splitflap,2021-07-15T04:34:31Z,0,0,,true,true,other
fornwall,fornwall/actionlint,2021-09-23T09:38:21Z,1,1,,true,true,mit
fornwall,fornwall/actions-demo,2019-03-13T23:42:33Z,2,2,Java,true,true,apache-2.0
fornwall,fornwall/advent-of-code,2019-11-28T16:41:48Z,42,42,Rust,false,false,
fornwall,fornwall/advent-of-code-java-user,2021-12-10T15:13:23Z,0,0,Java,false,false,
fornwall,fornwall/advent-of-code-js-user,2022-11-05T10:38:57Z,0,0,Python,true,true,
fornwall,fornwall/advent-of-code-luau,2023-02-05T09:30:29Z,1,1,,true,true,
fornwall,fornwall/advent-of-code-python-user,2021-12-12T21:53:12Z,0,0,Python,true,true,
fornwall,fornwall/afl.rs,2023-02-11T09:08:56Z,0,0,,true,false,apache-2.0
fornwall,fornwall/allocation-counter,2020-12-06T20:05:13Z,17,17,Rust,false,false,apache-2.0
fornwall,fornwall/android-activity,2023-09-24T21:38:48Z,1,1,Rust,true,true,
fornwall,fornwall/android-vulkan-tutorials,2023-11-16T14:35:51Z,1,1,,true,true,
fornwall,fornwall/android-vulkan-validation,2023-11-05T00:32:57Z,1,1,Java,false,false,mit
fornwall,fornwall/apksigner,2014-08-07T15:34:55Z,111,111,Java,true,false,
fornwall,fornwall/app-engine-demo-docker,2020-07-23T09:26:36Z,1,1,Python,true,true,
fornwall,fornwall/ash,2023-10-14T07:08:10Z,1,1,Rust,true,true,apache-2.0
fornwall,fornwall/async-backtrace,2024-02-05T22:52:58Z,1,1,,true,true,mit
fornwall,fornwall/autometrics-rs,2024-02-11T13:50:33Z,0,0,,true,false,apache-2.0
fornwall,fornwall/awesome-quads,2023-09-19T16:01:18Z,0,0,,true,true,
fornwall,fornwall/bevy,2023-08-18T06:07:19Z,0,0,Rust,true,false,apache-2.0
fornwall,fornwall/broot,2024-09-19T23:12:46Z,2,2,,true,false,mit
fornwall,fornwall/cap-sys-nice-docker,2023-10-20T06:36:06Z,0,0,C,false,false,
fornwall,fornwall/cargo-manifest,2024-01-08T17:29:05Z,2,2,,true,true,apache-2.0
fornwall,fornwall/cargo-public-api,2024-01-08T14:48:43Z,0,0,,true,false,mit
fornwall,fornwall/cargo-quad-apk,2023-09-18T18:28:24Z,0,0,,true,true,apache-2.0
fornwall,fornwall/chatpusher,2010-10-29T23:03:36Z,2,2,Java,true,false,
fornwall,fornwall/check-ignore,2020-09-16T10:03:56Z,5,5,Shell,true,true,mit
fornwall,fornwall/cmake-example,2017-08-23T18:53:10Z,1,1,CMake,true,true,
fornwall,fornwall/commonmark-java,2019-09-08T08:48:54Z,1,1,,true,true,bsd-2-clause
fornwall,fornwall/copypasta,2024-01-24T22:16:59Z,0,0,,true,false,apache-2.0
fornwall,fornwall/cpal,2024-03-01T07:20:23Z,0,0,Rust,true,true,apache-2.0
victorbjorklund,victorbjorklund/apifirst,2021-04-01T09:00:31Z,1,1,CSS,true,true,
victorbjorklund,victorbjorklund/app_basic,2024-05-09T14:14:15Z,0,0,Elixir,true,true,
victorbjorklund,victorbjorklund/ash_phoenix,2023-03-28T08:03:21Z,0,0,Elixir,true,true,mit
victorbjorklund,victorbjorklund/basic_app,2024-05-08T12:24:06Z,0,0,Elixir,true,true,
victorbjorklund,victorbjorklund/CV-pretrained-model,2020-10-13T06:51:26Z,2,2,,true,true,mit
victorbjorklund,victorbjorklund/demo_ash_auth,2024-06-06T08:24:13Z,0,0,JavaScript,true,true,
victorbjorklund,victorbjorklund/docs,2020-12-30T19:18:37Z,0,0,,true,false,
victorbjorklund,victorbjorklund/docs-1,2022-11-25T16:02:14Z,0,0,,true,false,apache-2.0
victorbjorklund,victorbjorklund/example_app,2024-03-01T09:32:22Z,0,0,Elixir,true,true,
victorbjorklund,victorbjorklund/export,2021-12-06T14:37:34Z,0,0,,true,true,mit
victorbjorklund,victorbjorklund/gitpod-vscode-mjml,2022-05-23T15:07:53Z,0,0,,true,true,mit
victorbjorklund,victorbjorklund/google-searchconsole,2021-10-18T19:11:06Z,0,0,Python,true,false,mit
victorbjorklund,victorbjorklund/google_sheets,2022-03-18T17:53:00Z,0,0,,true,true,
victorbjorklund,victorbjorklund/notifyapp-bug-example,2022-06-08T13:34:54Z,1,1,JavaScript,true,true,
victorbjorklund,victorbjorklund/open-faas-node12-template,2020-10-13T19:38:29Z,0,0,,true,true,
victorbjorklund,victorbjorklund/open-vsx-vscode-phoenix,2022-04-08T08:45:34Z,2,2,,true,true,mit
victorbjorklund,victorbjorklund/phoenix-liveview-chat-example,2022-04-08T16:45:52Z,0,0,,true,true,
victorbjorklund,victorbjorklund/postgres-operator-examples,2021-08-23T03:01:27Z,0,0,,true,true,apache-2.0
victorbjorklund,victorbjorklund/prisma,2020-12-31T10:51:23Z,1,1,,true,false,apache-2.0
victorbjorklund,victorbjorklund/sauna,2021-01-05T20:32:15Z,1,1,JavaScript,true,true,mit
victorbjorklund,victorbjorklund/scb_ex,2024-06-28T17:19:35Z,0,0,Elixir,true,true,
victorbjorklund,victorbjorklund/shopifex,2024-03-04T13:59:00Z,0,0,Elixir,true,true,apache-2.0
victorbjorklund,victorbjorklund/simple_app,2024-05-16T09:04:46Z,0,0,Elixir,true,true,
victorbjorklund,victorbjorklund/svelte-algolia,2021-09-28T17:00:04Z,0,0,JavaScript,true,false,mit
victorbjorklund,victorbjorklund/tailwind,2021-12-26T21:55:49Z,0,0,,true,true,mit
victorbjorklund,victorbjorklund/test-gatsby,2021-01-25T22:44:32Z,1,1,HTML,true,true,
victorbjorklund,victorbjorklund/victorbjorklund,2020-09-11T13:58:15Z,1,1,,true,true,
wader,wader/advent-of-jq,2021-12-02T11:04:46Z,0,0,jq,true,true,
wader,wader/aes-arraybuffer,2013-02-16T18:32:12Z,13,13,JavaScript,true,true,
wader,wader/angular-ui-tree,2014-05-02T09:38:20Z,0,0,JavaScript,true,true,mit
wader,wader/ansisvg,2021-09-30T07:54:20Z,90,90,Go,true,true,mit
wader,wader/app-client-macos,2022-01-16T14:52:40Z,1,1,Go,true,true,
wader,wader/appsnax,2010-11-17T13:31:25Z,5,5,PHP,true,true,
wader,wader/asn1-ber,2022-01-13T14:14:15Z,0,0,,true,true,mit
wader,wader/awesome-jq,2022-08-17T21:08:59Z,1,1,,true,false,
wader,wader/basium,2017-07-17T15:28:48Z,0,0,Python,true,true,
wader,wader/Bento4,2017-07-03T12:50:08Z,0,0,C++,true,true,
wader,wader/bettercap,2024-01-31T20:42:23Z,1,1,,true,false,other
wader,wader/binary-parsing,2024-02-15T09:17:20Z,0,0,,true,true,mit
wader,wader/build-multiarch-on-aws-spots,2024-04-23T09:46:08Z,1,1,HCL,true,true,
wader,wader/bump,2019-10-22T18:06:13Z,66,66,Go,true,true,mit
wader,wader/caddy,2017-08-08T17:52:52Z,0,0,Go,true,true,apache-2.0
wader,wader/caddy-webdav,2020-04-22T22:57:06Z,0,0,,true,true,
wader,wader/caddy2-webdav,2020-04-19T13:09:09Z,0,0,Go,true,true,
wader,wader/catgolf,2021-10-15T10:20:25Z,43,43,,true,true,
wader,wader/chrome-search-spotify,2015-01-16T21:47:36Z,1,1,JavaScript,true,true,
wader,wader/chrome-transmission-remote-plus,2015-05-30T16:11:39Z,0,0,JavaScript,true,false,apache-2.0
wader,wader/chromesthesia,2016-10-02T19:11:22Z,16,16,JavaScript,true,true,mit
wader,wader/citris,2011-01-02T19:52:43Z,1,1,C,true,true,gpl-2.0
wader,wader/community-knowledge-base,2023-07-05T14:00:03Z,0,0,,true,true,
wader,wader/compose-hook,2015-08-11T21:27:49Z,1,1,Shell,true,true,mit
wader,wader/crxreload,2013-08-29T19:44:56Z,10,10,JavaScript,true,false,
wader,wader/Dash-User-Contributions,2021-01-09T20:50:02Z,0,0,,true,true,
wader,wader/devd,2018-03-31T22:23:52Z,0,0,Go,true,true,mit
wader,wader/disable_sendfile_vbox_linux,2015-12-26T15:29:32Z,11,11,Go,true,true,
wader,wader/docker-api,2013-11-08T09:32:04Z,0,0,Ruby,true,true,
wader,wader/docker-gen,2016-11-19T19:40:00Z,0,0,Go,true,true,mit
bella-silveira,bella-silveira/adventofcode,2020-12-01T10:14:30Z,1,1,JavaScript,true,true,
bella-silveira,bella-silveira/cordova-diagnostic-plugin,2016-01-26T16:39:14Z,0,0,JavaScript,true,true,
bella-silveira,bella-silveira/cordova-plugin-redirect,2016-01-26T16:11:35Z,0,0,Objective-C,true,true,
bella-silveira,bella-silveira/dojoSelenium,2015-06-09T17:11:16Z,0,0,Java,true,true,
bella-silveira,bella-silveira/face-recognition-demo,2018-05-16T21:14:23Z,79,79,HTML,true,true,
bella-silveira,bella-silveira/image-recognition,2016-11-30T03:12:14Z,52,52,Python,true,true,
bella-silveira,bella-silveira/memoization-demo,2019-04-28T09:00:03Z,6,6,JavaScript,true,true,mit
bella-silveira,bella-silveira/mulheres-palestrantes,2017-04-17T15:02:19Z,1,1,HTML,true,true,
bella-silveira,bella-silveira/react-native-3dcube-navigation,2018-04-26T19:19:23Z,1,1,JavaScript,true,true,mit
bella-silveira,bella-silveira/styleguide-website,2015-09-29T16:17:17Z,1,1,JavaScript,true,true,mit
davidsandberg,davidsandberg/caffe-tensorflow,2016-12-06T20:42:53Z,26,26,Python,true,true,other
davidsandberg,davidsandberg/estool,2020-10-24T15:43:51Z,0,0,,true,true,other
davidsandberg,davidsandberg/facenet,2016-02-12T22:14:40Z,13795,13795,Python,false,true,mit
davidsandberg,davidsandberg/imagination-augmented-agents-tf,2018-12-26T22:23:20Z,0,0,Jupyter Notebook,true,true,
davidsandberg,davidsandberg/LadderVAE,2019-09-06T20:05:13Z,6,6,Jupyter Notebook,true,true,mit
davidsandberg,davidsandberg/LVAE,2019-08-09T14:24:23Z,0,0,Python,true,true,apache-2.0
davidsandberg,davidsandberg/MTCNN_face_detection_alignment,2016-12-19T20:23:26Z,18,18,Matlab,true,true,mit
davidsandberg,davidsandberg/probabilistic_dnns,2018-10-13T18:13:59Z,2,2,Jupyter Notebook,true,true,mit
davidsandberg,davidsandberg/rl_ssms,2019-01-20T13:17:44Z,17,17,Jupyter Notebook,true,true,mit
davidsandberg,davidsandberg/unsupervised,2019-09-07T12:36:23Z,26,26,Jupyter Notebook,true,true,mit
davidsandberg,davidsandberg/WorldModelsExperiments,2018-11-27T20:47:15Z,1,1,Jupyter Notebook,true,true,
Nyholm,Nyholm/1d34-3v4l-pl4g1n,2016-09-08T11:49:19Z,0,0,Kotlin,true,true,apache-2.0
Nyholm,Nyholm/2017-talks,2017-11-21T05:50:02Z,0,0,,true,true,
Nyholm,Nyholm/acache,2016-01-02T15:39:15Z,0,0,PHP,true,false,mit
Nyholm,Nyholm/adapter-client,2015-10-03T15:06:17Z,0,0,PHP,true,true,mit
Nyholm,Nyholm/address-format,2014-10-15T05:00:08Z,0,0,,true,false,mit
Nyholm,Nyholm/AlertifyBundle,2018-10-13T09:51:22Z,0,0,CSS,true,true,mit
Nyholm,Nyholm/algoliasearch-client-php,2014-08-22T05:19:09Z,0,0,,true,true,other
Nyholm,Nyholm/AliceBundle,2018-06-19T09:48:21Z,0,0,PHP,true,false,mit
Nyholm,Nyholm/AltoRouter,2014-09-25T06:21:01Z,0,0,,true,true,
Nyholm,Nyholm/amqp-tools,2018-03-15T09:35:42Z,0,0,PHP,true,false,mit
Nyholm,Nyholm/analytics-php,2014-09-14T05:45:08Z,0,0,,true,true,
Nyholm,Nyholm/Any.Serializer,2014-09-15T08:14:19Z,0,0,,true,true,bsd-3-clause
Nyholm,Nyholm/apai-io,2014-07-31T11:34:47Z,0,0,,true,true,
Nyholm,Nyholm/ApcBundle,2014-12-22T14:47:14Z,0,0,PHP,true,false,mit
Nyholm,Nyholm/api,2015-09-14T07:46:13Z,0,0,PostScript,true,false,
Nyholm,Nyholm/append_query_string,2020-01-28T11:51:33Z,20,20,PHP,false,false,
Nyholm,Nyholm/Archive,2014-08-04T05:03:27Z,0,0,,true,true,
Nyholm,Nyholm/AspectMock,2017-11-18T14:01:10Z,0,0,PHP,true,true,mit
Nyholm,Nyholm/assert,2016-08-06T14:53:56Z,0,0,PHP,true,false,mit
Nyholm,Nyholm/asset-pipeline,2014-07-21T05:28:15Z,0,0,,true,true,mit
Nyholm,Nyholm/assetic-minifier,2014-09-20T09:28:21Z,0,0,,true,true,bsd-3-clause
Nyholm,Nyholm/AsseticBundle,2014-07-09T06:56:47Z,0,0,,true,true,mit
Nyholm,Nyholm/async-aws-laravel,2020-05-09T07:24:20Z,0,0,,true,true,
Nyholm,Nyholm/Asynchronous,2016-03-30T12:49:05Z,0,0,PHP,true,true,mit
Nyholm,Nyholm/AsynchronousBundle,2016-03-30T12:48:27Z,0,0,PHP,true,true,mit
Nyholm,Nyholm/Aura.Http,2014-10-04T06:22:58Z,0,0,,true,false,bsd-2-clause
Nyholm,Nyholm/auth0-bundle,2020-12-01T09:09:16Z,0,0,,true,false,mit
Nyholm,Nyholm/auth0-PHP,2017-03-30T08:03:05Z,1,1,PHP,true,false,mit
Nyholm,Nyholm/auth0.js,2019-09-10T07:59:52Z,0,0,,true,false,mit
Nyholm,Nyholm/AutoLogin,2017-12-14T21:12:12Z,1,1,PHP,true,false,mit
xNotch,xNotch/dark,2014-08-25T20:40:24Z,362,362,Dart,true,true,mit
xNotch,xNotch/twgl.js,2015-05-28T12:09:29Z,9,9,JavaScript,true,true,bsd-3-clause
dejwid,dejwid/10-websites,2022-07-28T07:20:13Z,16,16,HTML,true,true,
dejwid,dejwid/3-simple-js-projects,2022-09-28T16:17:48Z,4,4,HTML,true,true,
dejwid,dejwid/admin-dashboard,2022-10-27T05:51:39Z,3,3,JavaScript,true,true,
dejwid,dejwid/airbnb-clone,2023-01-21T21:03:42Z,258,258,JavaScript,true,true,
dejwid,dejwid/antal-jobb,2022-10-20T20:11:51Z,1,1,JavaScript,true,true,
dejwid,dejwid/bg-slideshow,2013-05-08T09:09:49Z,1,1,PHP,true,true,
dejwid,dejwid/btc-table,2023-08-30T07:02:51Z,7,7,TypeScript,true,true,
dejwid,dejwid/buymeacoffee,2024-04-26T08:48:43Z,16,16,TypeScript,true,true,
dejwid,dejwid/calendix,2024-07-25T18:24:21Z,37,37,TypeScript,true,true,
dejwid,dejwid/case-atg,2023-10-19T13:02:16Z,0,0,JavaScript,true,false,
dejwid,dejwid/case-atg-ejected,2023-10-19T13:20:36Z,0,0,JavaScript,true,true,
dejwid,dejwid/cryptopay-server,2024-08-14T16:08:30Z,2,2,TypeScript,true,true,
dejwid,dejwid/dalle-image-generation,2024-06-25T19:34:34Z,1,1,Python,true,false,
dejwid,dejwid/devblog,2018-11-02T11:38:50Z,1,1,JavaScript,true,true,mit
dejwid,dejwid/ecommerce-admin,2023-04-11T19:19:43Z,364,364,JavaScript,true,true,
dejwid,dejwid/ecommerce-front,2023-04-11T19:17:20Z,319,319,JavaScript,true,true,
dejwid,dejwid/epic-captions,2023-10-02T14:07:46Z,33,33,JavaScript,true,true,
dejwid,dejwid/ff-filmer,2022-01-26T21:22:22Z,1,1,JavaScript,true,true,
dejwid,dejwid/food-ordering,2023-11-08T17:57:58Z,297,297,JavaScript,true,true,
dejwid,dejwid/instagram-clone,2024-10-27T14:32:43Z,11,11,TypeScript,true,true,
dejwid,dejwid/javascript-password-generator,2022-07-06T04:18:35Z,2,2,HTML,true,true,
dejwid,dejwid/job-board,2024-06-14T19:56:45Z,87,87,TypeScript,true,true,
dejwid,dejwid/js-typing-game,2022-09-30T15:51:31Z,11,11,JavaScript,true,true,
dejwid,dejwid/linklist,2023-12-09T14:37:20Z,93,93,JavaScript,true,true,
dejwid,dejwid/marketplace,2024-04-05T17:04:51Z,25,25,TypeScript,true,true,
dejwid,dejwid/mern-auth-example,2021-07-08T05:51:33Z,4,4,JavaScript,true,true,
dejwid,dejwid/mern-auth-todo,2021-11-27T13:44:47Z,6,6,JavaScript,true,true,
dejwid,dejwid/mern-blog,2023-01-08T13:29:48Z,218,218,JavaScript,true,true,
dejwid,dejwid/mern-chat,2023-02-17T18:35:47Z,123,123,JavaScript,true,true,
dejwid,dejwid/mern-chunked-upload,2021-08-09T16:30:42Z,46,46,JavaScript,true,true,
ivanpaulovich,ivanpaulovich/a-simple-triangle,2023-01-03T14:56:24Z,0,0,C++,true,true,mit
ivanpaulovich,ivanpaulovich/Alfred,2018-08-27T18:08:19Z,0,0,C#,true,true,
ivanpaulovich,ivanpaulovich/all-contributors,2020-06-04T08:01:25Z,0,0,,true,false,mit
ivanpaulovich,ivanpaulovich/amora-angular-app,2018-02-13T14:43:13Z,16,16,TypeScript,true,true,apache-2.0
ivanpaulovich,ivanpaulovich/apa,2017-11-12T18:46:58Z,0,0,C#,true,true,
ivanpaulovich,ivanpaulovich/aspnet-api-versioning,2019-09-21T16:56:08Z,4,4,C#,true,true,mit
ivanpaulovich,ivanpaulovich/aspnetconf,2014-05-04T18:53:01Z,0,0,JavaScript,true,true,
ivanpaulovich,ivanpaulovich/awesome-dotnet,2019-03-16T21:05:43Z,4,4,,true,false,cc0-1.0
ivanpaulovich,ivanpaulovich/awesome-dotnet-core,2019-03-16T20:48:02Z,17,17,C#,true,true,
ivanpaulovich,ivanpaulovich/azure-bootcamp,2017-04-16T19:25:45Z,0,0,C#,true,true,
ivanpaulovich,ivanpaulovich/betsson-meetup-ddd-tdd,2018-08-20T16:17:00Z,7,7,C#,true,true,apache-2.0
ivanpaulovich,ivanpaulovich/blogengineazure,2017-08-03T19:49:03Z,0,0,,true,true,
ivanpaulovich,ivanpaulovich/carthage-demo,2019-02-04T21:24:34Z,0,0,Swift,true,true,
ivanpaulovich,ivanpaulovich/carthage-swinject,2019-02-04T21:45:24Z,0,0,Swift,true,true,
ivanpaulovich,ivanpaulovich/clean-architecture-kata-dojo,2018-07-25T18:08:35Z,23,23,C#,true,true,apache-2.0
ivanpaulovich,ivanpaulovich/clean-architecture-manga,2017-12-27T11:58:03Z,4002,4002,C#,true,true,apache-2.0
ivanpaulovich,ivanpaulovich/clean-architecture-video-tutorials,2018-10-12T09:48:25Z,51,51,C#,false,false,apache-2.0
ivanpaulovich,ivanpaulovich/clean-architecture-webapi-ef-core,2018-11-11T13:21:11Z,134,134,C#,true,true,
ivanpaulovich,ivanpaulovich/CleanArchitectureRxSwift,2019-03-05T07:50:38Z,0,0,Swift,true,true,mit
ivanpaulovich,ivanpaulovich/CleanArchitectureVSCodeSnippets,2020-06-10T06:19:48Z,10,10,TypeScript,true,true,mit
ivanpaulovich,ivanpaulovich/coolstore-microservices,2019-03-12T10:32:43Z,7,7,C#,true,true,mit
ivanpaulovich,ivanpaulovich/cqrs-clean-eventual-consistency,2018-07-17T20:31:12Z,9,9,C#,true,true,mit
ivanpaulovich,ivanpaulovich/crust,2023-01-03T14:56:49Z,1,1,,true,true,mit
ivanpaulovich,ivanpaulovich/ddd-tdd-rich-domain-model-dojo-kata,2018-06-16T10:15:12Z,146,146,C#,true,true,apache-2.0
ivanpaulovich,ivanpaulovich/dotfiles,2022-07-13T19:13:56Z,3,3,Shell,true,true,mit
ivanpaulovich,ivanpaulovich/dotnet-certificate-tool,2021-11-19T08:30:41Z,0,0,C#,true,true,apache-2.0
ivanpaulovich,ivanpaulovich/dotnet-new-caju,2017-12-11T11:56:28Z,249,249,C#,false,false,apache-2.0
ivanpaulovich,ivanpaulovich/dotnet-new-on-the-web,2018-04-27T08:09:03Z,2,2,C#,true,true,
ivanpaulovich,ivanpaulovich/dotnet-tools,2019-04-07T15:30:39Z,3,3,,true,false,
ivanpaulovich,ivanpaulovich/event-sourcing-castanha,2017-11-02T11:12:16Z,82,82,C#,true,true,
marcusolsson,marcusolsson/bmchelix-datasource,2021-04-09T15:05:47Z,0,0,,true,true,apache-2.0
marcusolsson,marcusolsson/dddelivery-angularjs,2014-10-02T12:55:54Z,38,38,HTML,true,true,mit
marcusolsson,marcusolsson/dotfiles,2015-01-05T18:12:20Z,3,3,Vim script,true,true,mit
marcusolsson,marcusolsson/dts-docs,2021-10-10T16:04:08Z,12,12,TypeScript,true,true,mit
marcusolsson,marcusolsson/edith,2020-04-01T06:52:44Z,27,27,JavaScript,true,true,mit
marcusolsson,marcusolsson/edith-template,2020-05-11T05:40:05Z,0,0,JavaScript,true,true,mit
marcusolsson,marcusolsson/encoredev-examples,2024-06-09T20:20:53Z,0,0,TypeScript,true,false,mit
marcusolsson,marcusolsson/exp,2015-10-12T20:26:06Z,0,0,Go,true,true,
marcusolsson,marcusolsson/fides,2024-09-18T16:19:19Z,0,0,Python,true,false,apache-2.0
marcusolsson,marcusolsson/focus,2015-07-24T11:38:35Z,2,2,Go,true,true,mit
marcusolsson,marcusolsson/freq,2019-10-18T21:35:37Z,4,4,Go,true,true,mit
marcusolsson,marcusolsson/gatsby-starter-edith-default,2020-04-12T17:01:58Z,0,0,JavaScript,true,true,mit
marcusolsson,marcusolsson/gatsby-starter-edith-dinosaurs,2020-04-12T17:32:47Z,0,0,JavaScript,true,true,mit
marcusolsson,marcusolsson/go-workshop,2017-04-06T12:44:28Z,7,7,Go,true,true,mit
marcusolsson,marcusolsson/go-workshop-exercises,2017-04-13T16:44:43Z,3,3,Go,true,true,
marcusolsson,marcusolsson/goddd,2014-10-02T12:51:19Z,2401,2401,Go,true,true,mit
marcusolsson,marcusolsson/gointro,2015-01-29T19:02:54Z,1,1,Go,true,true,mit
marcusolsson,marcusolsson/gophers,2017-08-06T18:48:16Z,223,223,,true,true,other
marcusolsson,marcusolsson/gouk16-slides,2016-08-18T16:06:26Z,14,14,,true,true,
marcusolsson,marcusolsson/grafana,2019-08-03T15:53:32Z,1,1,TypeScript,true,true,agpl-3.0
marcusolsson,marcusolsson/grafana-awesome,2022-01-10T13:12:51Z,0,0,,true,true,
marcusolsson,marcusolsson/grafana-carpetplot,2020-05-20T07:46:37Z,0,0,,true,true,
marcusolsson,marcusolsson/grafana-datasource,2021-04-08T08:15:08Z,0,0,,true,true,apache-2.0
marcusolsson,marcusolsson/grafana-datasource-plugin-groonga,2020-12-04T16:11:48Z,0,0,,true,true,apache-2.0
marcusolsson,marcusolsson/grafana-diagram,2021-02-16T14:15:22Z,1,1,,true,true,apache-2.0
marcusolsson,marcusolsson/grafana-gantt-panel,2021-01-08T13:45:01Z,26,26,TypeScript,false,false,apache-2.0
marcusolsson,marcusolsson/grafana-hexmap-panel,2020-12-03T09:47:00Z,18,18,TypeScript,false,false,apache-2.0
marcusolsson,marcusolsson/grafana-hourly-heatmap-panel,2020-05-25T18:26:34Z,35,35,TypeScript,false,false,apache-2.0
marcusolsson,marcusolsson/grafana-plugin-action,2020-11-27T09:27:33Z,0,0,,true,true,
marcusolsson,marcusolsson/grafana-plugin-repository,2020-06-01T08:22:23Z,0,0,JavaScript,true,true,
EmbarkStudios,EmbarkStudios/.github,2019-10-23T10:50:22Z,1,1,,true,true,
EmbarkStudios,EmbarkStudios/action-auto-review-by-label,2023-03-03T17:15:47Z,0,0,TypeScript,false,false,mit
EmbarkStudios,EmbarkStudios/action-git-diff-suggestions,2023-01-30T17:05:59Z,0,0,TypeScript,true,true,mit
EmbarkStudios,EmbarkStudios/actix-web,2019-05-03T15:27:26Z,0,0,Rust,true,true,apache-2.0
EmbarkStudios,EmbarkStudios/advisory-db,2019-12-18T22:50:12Z,0,0,,true,true,other
EmbarkStudios,EmbarkStudios/agones,2019-09-23T08:59:50Z,0,0,Go,true,false,apache-2.0
EmbarkStudios,EmbarkStudios/alsa-rs,2020-12-11T15:35:38Z,0,0,,true,true,
EmbarkStudios,EmbarkStudios/android-activity,2023-08-08T10:29:51Z,0,0,,true,true,
EmbarkStudios,EmbarkStudios/android-ndk-rs,2021-11-11T15:55:34Z,0,0,Rust,true,true,apache-2.0
EmbarkStudios,EmbarkStudios/anyhow,2019-10-07T20:05:08Z,0,0,,true,true,apache-2.0
EmbarkStudios,EmbarkStudios/APIv3-go-library,2022-03-17T07:35:34Z,0,0,Go,true,true,mit
EmbarkStudios,EmbarkStudios/app_dirs2,2019-09-20T20:13:54Z,1,1,Rust,true,true,mit
EmbarkStudios,EmbarkStudios/arboard,2023-08-24T10:30:44Z,0,0,,true,false,apache-2.0
EmbarkStudios,EmbarkStudios/ash,2021-03-26T14:33:30Z,0,0,Rust,true,true,apache-2.0
EmbarkStudios,EmbarkStudios/ash-molten,2019-05-02T15:19:27Z,96,96,Rust,true,true,apache-2.0
EmbarkStudios,EmbarkStudios/async-backtrace,2022-11-03T11:52:01Z,0,0,Rust,true,true,mit
EmbarkStudios,EmbarkStudios/autocxx,2023-01-31T09:03:53Z,0,0,Rust,true,true,apache-2.0
EmbarkStudios,EmbarkStudios/automerge-action,2020-04-30T13:38:07Z,0,0,,true,false,mit
EmbarkStudios,EmbarkStudios/aws-lambda-rust-runtime,2019-01-10T18:47:24Z,0,0,Rust,true,true,apache-2.0
EmbarkStudios,EmbarkStudios/axum,2021-10-29T08:20:15Z,0,0,Rust,true,false,mit
EmbarkStudios,EmbarkStudios/axum-flash,2023-05-17T09:07:57Z,0,0,,true,true,mit
EmbarkStudios,EmbarkStudios/axum-live-view,2022-02-10T14:34:10Z,3,3,Rust,true,false,
EmbarkStudios,EmbarkStudios/backtrace-rs,2021-11-10T14:08:31Z,0,0,Rust,true,false,apache-2.0
EmbarkStudios,EmbarkStudios/bitflags,2023-04-03T12:53:27Z,0,0,Rust,true,false,apache-2.0
EmbarkStudios,EmbarkStudios/BLAKE3,2020-08-03T08:35:25Z,1,1,Assembly,true,true,other
EmbarkStudios,EmbarkStudios/blender-tools,2019-12-04T14:34:12Z,411,411,Python,false,false,apache-2.0
EmbarkStudios,EmbarkStudios/blender_addons,2019-01-09T09:09:29Z,3,3,Python,true,true,gpl-3.0
EmbarkStudios,EmbarkStudios/bloblock,2022-02-03T08:44:18Z,0,0,Rust,true,true,
EmbarkStudios,EmbarkStudios/boh,2022-12-20T09:11:28Z,5,5,Rust,true,false,apache-2.0
EmbarkStudios,EmbarkStudios/breakpad,2020-11-27T08:56:44Z,1,1,C++,true,false,other
torkelo,torkelo/angular.js,2020-11-18T08:13:31Z,0,0,,true,true,mit
torkelo,torkelo/asimov-deploy,2013-07-17T08:07:33Z,0,0,JavaScript,true,true,other
torkelo,torkelo/asimov-deploy-winagent,2013-07-19T08:03:22Z,1,1,C#,true,true,other
torkelo,torkelo/BBoneTrader,2012-05-22T09:36:47Z,2,2,PowerShell,true,true,
torkelo,torkelo/boolangstudio,2008-05-21T07:59:08Z,3,3,C#,true,true,other
torkelo,torkelo/cloudflare-grafana-app,2019-02-13T08:05:07Z,0,0,JavaScript,true,true,apache-2.0
torkelo,torkelo/coding-tutorial,2021-01-22T08:30:52Z,1,1,TypeScript,true,true,
torkelo,torkelo/dashboards,2016-06-21T14:20:58Z,53,53,,true,true,
torkelo,torkelo/devops-against-humanity,2014-06-04T12:39:39Z,0,0,,true,true,other
torkelo,torkelo/dieterblog,2016-01-11T08:42:13Z,0,0,HTML,true,true,
torkelo,torkelo/docker-elk,2015-10-08T12:59:15Z,0,0,Shell,true,true,mit
torkelo,torkelo/dockerfiles,2014-03-17T18:24:46Z,0,0,,true,true,
torkelo,torkelo/docs-base,2016-10-01T15:39:59Z,0,0,CSS,true,false,apache-2.0
torkelo,torkelo/docs-test,2015-03-08T20:34:19Z,0,0,CSS,true,true,apache-2.0
torkelo,torkelo/dotnet-metrics-demo,2017-11-02T12:53:41Z,0,0,TypeScript,true,true,
torkelo,torkelo/drop,2016-12-16T10:04:46Z,1,1,JavaScript,true,true,mit
torkelo,torkelo/druidplugin,2016-07-08T13:31:35Z,0,0,HTML,true,true,
torkelo,torkelo/eran-dotfiles,2014-07-12T08:07:03Z,1,1,,true,true,
torkelo,torkelo/fake-data-gen,2014-04-28T15:53:54Z,1,1,JavaScript,true,true,apache-2.0
torkelo,torkelo/fake-simple-json-datasource,2017-09-07T11:12:59Z,0,0,JavaScript,true,true,mit
torkelo,torkelo/FiraCode,2017-07-31T10:54:32Z,0,0,Clojure,true,true,other
torkelo,torkelo/fleet,2013-11-23T11:30:54Z,0,0,JavaScript,true,true,
torkelo,torkelo/flot,2015-05-09T17:18:11Z,1,1,JavaScript,true,true,mit
torkelo,torkelo/fluent-nhibernate,2009-09-18T09:23:46Z,1,1,C#,true,false,bsd-3-clause
torkelo,torkelo/FuAsync,2010-10-30T14:28:09Z,2,2,C#,true,true,
torkelo,torkelo/fubumvc,2010-03-26T19:08:40Z,1,1,C#,true,true,other
torkelo,torkelo/github-actions-testrepo,2020-10-19T06:42:24Z,0,0,,true,true,apache-2.0
torkelo,torkelo/grafana,2014-05-29T15:33:34Z,112,112,JavaScript,true,true,other
torkelo,torkelo/grafana-build-container,2020-11-30T11:50:48Z,0,0,,true,true,apache-2.0
torkelo,torkelo/grafana-datasource-plugin-test,2015-11-19T17:47:35Z,0,0,JavaScript,true,true,
AhsanAyaz,AhsanAyaz/100-days-of-code,2017-10-05T21:00:30Z,0,0,,true,true,
AhsanAyaz,AhsanAyaz/ahsanayaz,2019-09-06T11:57:10Z,1,1,JavaScript,true,true,mit
AhsanAyaz,AhsanAyaz/angucomplete,2015-01-20T12:20:56Z,0,0,JavaScript,true,true,
AhsanAyaz,AhsanAyaz/angular,2017-10-08T07:33:50Z,1,1,TypeScript,true,false,mit
AhsanAyaz,AhsanAyaz/angular-attribute-directive-example,2021-11-17T14:37:42Z,0,0,HTML,true,true,
AhsanAyaz,AhsanAyaz/angular-calendar-year-view,2019-03-04T13:16:42Z,0,0,TypeScript,true,true,
AhsanAyaz,AhsanAyaz/angular-cfi,2023-08-30T19:05:30Z,2,2,TypeScript,true,true,
AhsanAyaz,AhsanAyaz/angular-change-detection,2020-03-25T12:03:08Z,1,1,TypeScript,true,true,
AhsanAyaz,AhsanAyaz/angular-cli,2021-08-12T09:31:34Z,0,0,,true,false,mit
AhsanAyaz,AhsanAyaz/angular-deploy-gh-pages-actions,2020-03-16T09:59:25Z,56,56,HTML,true,true,mit
AhsanAyaz,AhsanAyaz/angular-elements,2017-10-16T16:42:45Z,0,0,TypeScript,true,true,
AhsanAyaz,AhsanAyaz/angular-elements-demos,2017-10-17T14:34:28Z,14,14,HTML,true,true,mit
AhsanAyaz,AhsanAyaz/angular-fastify-starter,2017-09-09T01:17:03Z,8,8,JavaScript,true,true,mit
AhsanAyaz,AhsanAyaz/angular-google-maps,2018-01-19T17:15:23Z,0,0,TypeScript,true,false,mit
AhsanAyaz,AhsanAyaz/angular-in-90ish,2024-10-05T16:46:42Z,3,3,TypeScript,true,true,mit
AhsanAyaz,AhsanAyaz/Angular-In120,2019-12-25T14:08:52Z,0,0,,true,true,
AhsanAyaz,AhsanAyaz/angular-perfect-scrollbar-ext,2015-10-27T07:44:26Z,0,0,JavaScript,true,true,
AhsanAyaz,AhsanAyaz/angular-timeline,2015-09-18T10:23:44Z,0,0,CSS,true,true,other
AhsanAyaz,AhsanAyaz/angular-timer,2016-11-07T20:10:13Z,0,0,HTML,true,true,mit
AhsanAyaz,AhsanAyaz/angular-timezone-selector-ext,2016-02-22T12:19:40Z,1,1,CSS,true,true,mit
AhsanAyaz,AhsanAyaz/angular-update-guide,2019-05-29T20:17:55Z,0,0,TypeScript,true,true,
AhsanAyaz,AhsanAyaz/angular2-img-cropper,2017-07-13T06:21:50Z,0,0,TypeScript,true,true,mit
AhsanAyaz,AhsanAyaz/angular2-tour-of-heroes,2016-05-04T16:24:40Z,0,0,TypeScript,true,true,apache-2.0
AhsanAyaz,AhsanAyaz/angular4-rockstar-chat,2017-05-19T23:43:00Z,2,2,TypeScript,true,true,mit
AhsanAyaz,AhsanAyaz/angular4-rockstar-chat-ngrx,2017-05-20T13:54:33Z,6,6,TypeScript,true,true,mit
AhsanAyaz,AhsanAyaz/angularfire,2022-10-18T18:43:27Z,0,0,,true,false,mit
AhsanAyaz,AhsanAyaz/astro-starlight-code-highlight,2023-11-10T09:09:31Z,0,0,Astro,true,true,
AhsanAyaz,AhsanAyaz/async-await-node-example,2018-05-12T18:16:19Z,3,3,JavaScript,true,true,mit
AhsanAyaz,AhsanAyaz/authors-web-components,2023-11-07T15:54:49Z,0,0,JavaScript,true,true,bsd-3-clause
AhsanAyaz,AhsanAyaz/awesome,2022-08-18T21:58:12Z,0,0,,true,false,cc0-1.0
Grimler91,Grimler91/aircrack-ng,2021-01-05T18:16:42Z,8,8,,true,false,gpl-2.0
Grimler91,Grimler91/android_device_samsung_chagallwifi,2020-09-12T19:06:33Z,0,0,C,true,true,
Grimler91,Grimler91/android_device_samsung_exynos5420-common,2020-08-03T13:15:26Z,4,4,C,true,true,
Grimler91,Grimler91/android_device_samsung_gt510wifi,2021-06-27T13:46:08Z,0,0,Makefile,true,true,
Grimler91,Grimler91/android_device_samsung_gte-common,2021-06-27T13:45:40Z,0,0,Makefile,true,true,
Grimler91,Grimler91/android_device_samsung_gts2-common,2021-03-30T11:53:20Z,0,0,,true,false,
Grimler91,Grimler91/android_device_samsung_msm8916-common,2021-05-30T12:56:41Z,1,1,C++,true,true,
Grimler91,Grimler91/android_device_samsung_universal5420-common,2021-03-05T20:20:31Z,1,1,,true,true,
Grimler91,Grimler91/android_device_samsung_universal7420-common,2021-03-19T08:49:12Z,1,1,C++,true,true,apache-2.0
Grimler91,Grimler91/android_device_samsung_universal8895-common,2020-08-08T20:07:48Z,0,0,Makefile,true,true,
Grimler91,Grimler91/android_kernel_samsung_exynos5420,2020-08-03T13:14:42Z,1,1,C,true,true,other
Grimler91,Grimler91/android_kernel_samsung_msm8916,2021-04-12T09:15:36Z,0,0,,true,true,other
Grimler91,Grimler91/android_kernel_samsung_universal5420,2021-04-07T20:08:35Z,1,1,,true,true,other
Grimler91,Grimler91/android_kernel_samsung_universal5433,2021-02-27T19:35:57Z,0,0,C,true,true,other
Grimler91,Grimler91/android_kernel_samsung_universal8895,2019-11-08T12:50:18Z,3,3,C,true,true,other
Grimler91,Grimler91/android_vendor_samsung_gt510wifi,2021-06-27T13:43:07Z,1,1,Makefile,true,true,
Grimler91,Grimler91/android_vendor_samsung_gte-common,2021-06-27T13:44:00Z,0,0,Makefile,true,true,
Grimler91,Grimler91/android_vendor_samsung_msm8916-common,2021-06-27T13:43:11Z,0,0,Makefile,true,true,
Grimler91,Grimler91/android_vendor_samsung_universal5420-common,2021-03-26T22:50:08Z,0,0,Makefile,true,true,
Grimler91,Grimler91/apt-mirror-docker,2020-04-25T17:23:22Z,1,1,Perl,true,true,gpl-2.0
Grimler91,Grimler91/calcurse,2020-12-03T16:44:26Z,0,0,,true,false,bsd-2-clause
Grimler91,Grimler91/chezmoi,2020-08-06T21:45:02Z,0,0,Go,true,false,mit
Grimler91,Grimler91/dopewars,2021-02-13T14:39:41Z,1,1,C,true,true,gpl-2.0
Grimler91,Grimler91/electrum,2020-09-09T08:58:25Z,1,1,Python,true,false,mit
Grimler91,Grimler91/exynos5410-firmware,2022-01-07T21:18:35Z,0,0,,true,true,gpl-2.0
Grimler91,Grimler91/frida,2018-06-13T20:40:07Z,1,1,Makefile,true,true,other
Grimler91,Grimler91/game-packages,2021-02-28T06:51:25Z,2,2,Shell,true,false,other
Grimler91,Grimler91/GarminDB,2020-06-11T08:55:50Z,1,1,Python,true,true,gpl-2.0
Grimler91,Grimler91/gnuplot.py-py3k,2020-12-03T15:41:59Z,1,1,Python,true,true,lgpl-2.1
Grimler91,Grimler91/imagej2,2021-09-10T12:03:23Z,0,0,,true,false,other
satansdeer,satansdeer/artem-pizza,2020-11-01T22:10:21Z,0,0,JavaScript,true,true,
satansdeer,satansdeer/artem-pizza-1,2021-05-01T14:16:18Z,0,0,JavaScript,true,true,mit
satansdeer,satansdeer/artem-pizza-server,2020-11-29T15:06:05Z,0,0,JavaScript,true,true,
satansdeer,satansdeer/artem-sandwich,2020-11-12T18:54:19Z,0,0,JavaScript,true,true,
satansdeer,satansdeer/atem-mini,2020-10-04T13:25:38Z,0,0,,true,true,
satansdeer,satansdeer/awesome-css-animations,2018-06-02T12:25:56Z,0,0,,true,true,
satansdeer,satansdeer/basic-react-course,2018-03-06T19:04:11Z,2,2,JavaScript,true,true,mit
satansdeer,satansdeer/binance-tracker,2018-02-10T15:08:48Z,10,10,JavaScript,true,true,
satansdeer,satansdeer/boids,2019-12-04T10:43:46Z,0,0,,true,true,
satansdeer,satansdeer/calendar-vanilla-js,2022-09-06T07:18:39Z,0,0,JavaScript,true,true,
satansdeer,satansdeer/challenges-app,2020-05-16T19:45:59Z,1,1,JavaScript,true,true,
satansdeer,satansdeer/cheatsheet,2018-09-25T16:11:53Z,0,0,,true,true,
satansdeer,satansdeer/cityville-disney,2012-02-10T08:08:32Z,1,1,ActionScript,true,true,
satansdeer,satansdeer/code-splitting,2020-06-01T07:38:48Z,0,0,JavaScript,true,true,
satansdeer,satansdeer/codeownerrs,2024-02-12T09:15:43Z,0,0,Rust,true,true,
satansdeer,satansdeer/context-demo,2019-11-05T21:38:33Z,1,1,JavaScript,true,true,
satansdeer,satansdeer/context-example,2020-06-19T12:19:11Z,2,2,JavaScript,true,true,
satansdeer,satansdeer/cra-dynamic-meta-tags,2020-06-30T12:27:10Z,7,7,JavaScript,true,true,
satansdeer,satansdeer/cra-example,2021-04-19T10:05:57Z,0,0,JavaScript,true,true,
satansdeer,satansdeer/cross-stitch,2015-01-01T12:09:03Z,0,0,JavaScript,true,true,
satansdeer,satansdeer/custom-react-generator,2019-03-25T13:47:53Z,0,0,JavaScript,true,true,mit
satansdeer,satansdeer/custom-tslint-rule,2018-11-06T23:36:20Z,2,2,TypeScript,true,true,
satansdeer,satansdeer/data-suspense,2019-11-10T11:21:52Z,4,4,JavaScript,true,true,
satansdeer,satansdeer/dema,2024-04-30T13:44:24Z,0,0,TypeScript,true,true,
satansdeer,satansdeer/dependabot-overlord,2021-11-06T11:10:48Z,0,0,JavaScript,true,true,
satansdeer,satansdeer/Digger,2011-12-22T11:29:44Z,1,1,ActionScript,true,true,
satansdeer,satansdeer/drawing-react-canvas,2020-05-22T08:46:44Z,54,54,JavaScript,true,true,
satansdeer,satansdeer/e2e-tests-stream,2021-03-02T18:45:03Z,0,0,TypeScript,true,true,
satansdeer,satansdeer/ethereum-token-tutorial,2018-02-28T06:39:19Z,26,26,JavaScript,true,true,
satansdeer,satansdeer/fikajs-website,2019-03-17T11:27:51Z,0,0,CSS,true,true,mit
marmelroy,marmelroy/AsyncDisplayKit,2015-07-09T12:53:28Z,2,2,Objective-C++,true,true,other
marmelroy,marmelroy/awesome-ios,2016-02-17T07:59:18Z,12,12,Swift,true,false,mit
marmelroy,marmelroy/awesome-swift,2015-10-28T13:39:52Z,33,33,Swift,true,false,cc0-1.0
marmelroy,marmelroy/FileBrowser,2016-02-07T13:40:57Z,1521,1521,Swift,true,true,mit
marmelroy,marmelroy/Format,2015-11-16T16:19:47Z,1178,1178,Swift,true,true,mit
marmelroy,marmelroy/HandsOnWithSwiftData,2023-09-06T09:40:43Z,0,0,,true,true,mit
marmelroy,marmelroy/HubFramework,2016-12-19T21:46:46Z,0,0,Objective-C,true,false,apache-2.0
marmelroy,marmelroy/Interpolate,2016-03-24T07:28:03Z,1831,1831,Swift,true,true,mit
marmelroy,marmelroy/iOS-Goodies,2016-01-21T00:03:58Z,5,5,,true,true,
marmelroy,marmelroy/JSQMessagesViewController,2017-07-18T14:26:06Z,0,0,Objective-C,true,false,other
marmelroy,marmelroy/Keyframes,2016-12-06T15:50:03Z,1,1,Java,true,true,other
marmelroy,marmelroy/libPhoneNumber-iOS,2015-08-04T16:36:13Z,1,1,Objective-C,true,true,apache-2.0
marmelroy,marmelroy/Localize-Swift,2015-08-05T10:19:09Z,3074,3074,Swift,true,true,mit
marmelroy,marmelroy/marmelroy.github.io,2016-02-06T09:56:46Z,0,0,JavaScript,true,true,
marmelroy,marmelroy/minizip,2016-01-14T21:58:10Z,1,1,C,true,true,
marmelroy,marmelroy/Mobius.swift,2019-11-25T06:40:13Z,1,1,,true,true,apache-2.0
marmelroy,marmelroy/ObjectiveKit,2016-11-13T20:16:31Z,850,850,Swift,true,true,mit
marmelroy,marmelroy/PeekPop,2016-02-23T06:57:38Z,1953,1953,Swift,true,true,mit
marmelroy,marmelroy/PhoneNumberKit,2015-09-26T14:37:36Z,5135,5135,Swift,true,true,mit
marmelroy,marmelroy/SPTDataLoader,2020-07-24T13:38:45Z,0,0,,true,false,apache-2.0
marmelroy,marmelroy/SPTPersistentCache,2022-09-23T13:15:33Z,0,0,,true,false,apache-2.0
marmelroy,marmelroy/SwiftPlate,2016-11-21T07:29:11Z,2,2,Swift,true,true,mit
marmelroy,marmelroy/SwiftTweaks,2016-05-10T06:26:49Z,1,1,Swift,true,true,mit
marmelroy,marmelroy/Talks,2016-01-28T23:37:03Z,13,13,,true,true,
marmelroy,marmelroy/TVButton,2015-11-07T23:20:29Z,1157,1157,Swift,true,true,mit
marmelroy,marmelroy/XCDLumberjackNSLogger,2016-09-28T10:19:32Z,0,0,Objective-C,true,true,mit
marmelroy,marmelroy/Zip,2015-12-13T18:34:14Z,2510,2510,Swift,true,true,mit
LinusU,LinusU/abab,2019-08-23T16:32:07Z,0,0,JavaScript,true,false,other
LinusU,LinusU/achievement-server,2012-09-09T15:46:07Z,0,0,CoffeeScript,true,true,
LinusU,LinusU/addons-linter,2018-03-08T10:43:25Z,0,0,JavaScript,true,false,mpl-2.0
LinusU,LinusU/advent-of-code-2019,2019-12-16T19:02:15Z,0,0,Rust,true,true,
LinusU,LinusU/advent-of-code-2021,2021-12-07T16:29:37Z,0,0,Rust,true,true,
LinusU,LinusU/advent-of-code-2022,2022-12-01T08:32:07Z,1,1,Rust,true,true,
LinusU,LinusU/advent-of-code-2023,2023-12-01T14:03:14Z,0,0,Rust,true,true,
LinusU,LinusU/aedes-persistence,2020-04-26T11:12:48Z,0,0,,true,true,mit
LinusU,LinusU/aerospike-client-nodejs,2020-04-26T10:17:49Z,0,0,,true,true,apache-2.0
LinusU,LinusU/aglio,2015-06-02T14:05:59Z,0,0,HTML,true,true,
LinusU,LinusU/airsonos,2015-02-17T08:40:18Z,1,1,JavaScript,true,true,mit
LinusU,LinusU/ajv,2021-02-16T15:50:08Z,0,0,,true,false,mit
LinusU,LinusU/alexa-voice-service.js,2019-02-13T12:56:06Z,0,0,JavaScript,true,true,mit
LinusU,LinusU/ambient-attx4,2015-07-23T10:21:09Z,0,0,JavaScript,true,true,other
LinusU,LinusU/amethyst_sokoban,2019-04-22T16:55:49Z,0,0,Rust,true,true,
LinusU,LinusU/android-hello-world,2018-06-26T14:13:59Z,1,1,Kotlin,true,true,
LinusU,LinusU/ansible,2015-09-30T15:03:04Z,0,0,Python,true,false,gpl-3.0
LinusU,LinusU/ansible-modules-core,2016-04-27T08:50:56Z,0,0,Python,true,false,gpl-3.0
LinusU,LinusU/ansible-modules-extras,2015-09-16T13:28:30Z,0,0,Python,true,false,gpl-3.0
LinusU,LinusU/api-blueprint,2015-05-19T13:52:29Z,0,0,,true,true,mit
LinusU,LinusU/api-blueprint-ast,2015-05-19T09:18:02Z,0,0,,true,true,mit
LinusU,LinusU/api-error-handler,2017-08-30T14:07:42Z,0,0,JavaScript,true,true,mit
LinusU,LinusU/app-builder,2021-04-23T08:45:12Z,0,0,,true,true,mit
LinusU,LinusU/appveyor-node,2016-05-04T21:36:13Z,0,0,,true,false,
LinusU,LinusU/arduino-zumo,2015-09-12T13:37:12Z,0,0,Arduino,true,true,
LinusU,LinusU/are-feross-and-mafintosh-stuck-in-an-elevator,2015-08-05T15:57:24Z,0,0,JavaScript,true,true,mit
LinusU,LinusU/array-buffer-from-string,2016-08-15T21:03:09Z,0,0,JavaScript,true,true,mit
LinusU,LinusU/array-buffer-to-hex,2017-10-19T10:58:16Z,6,6,JavaScript,true,true,mit
LinusU,LinusU/array-contains,2015-06-05T09:33:08Z,0,0,JavaScript,true,true,mit
LinusU,LinusU/artify-macos,2018-06-26T21:35:03Z,0,0,Swift,true,true,lgpl-3.0
